{"cameraMode":{"drawMode":0,"name":"Shaded","section":"Shading Mode"},"sceneLighting":true,"audioPlay":false,"sceneViewState":{"showFog":true,"showMaterialUpdate":false,"showSkybox":true,"showFlares":true,"showImageEffects":true,"showParticleSystems":true},"in2DMode":false,"pivot":{"x":-6.436363220214844,"y":-4.588149070739746,"z":-3.130906105041504},"rotation":{"x":-0.1037253811955452,"y":0.8535439372062683,"z":-0.186222642660141,"w":-0.47542116045951846},"size":8.506135940551758,"orthographic":false}